Title," Description"," Status"," Priority"," Task Type"," Assigned To"," Created By"," Last Updated By"," Created On"," Estimated Hours"," Hours Spent"
"Definición de personal Reviplus","El aliado Reviplus proporcionar&aacute; el listado del personal que estar&aacute; designado para las funciones de la Agencia Pedro Moncayo, esto es Jefe de centro y digitadores.",All,High,Actualización,david.bernal,"Eduardo Stalin",Eduardo,"07/12/2022 09:08:02","16 hrs ","30 mins"
,,All,High,Actualización,david.bernal,"Eduardo Stalin","Eduardo Stalin","07/12/2022 09:48:06",,0
,"Buenas Tardes,&nbsp;
En relaci&oacute;n con el punto detallado a Reviplus, es preciso contar con definiciones de fecha tentativa de inicio de operaci&oacute;n, una vez realizadas las respetivas pruebas preliminares de configuraci&oacute;n, codificaci&oacute;n, tarifas y comunicaci&oacute;n; de acuerdo al resultado se las pruebas ejecutadas, se definir&aacute; el periodo desde el cual se prestar&aacute; el servicio para definir asignaciones de nuevos ingresos relacionados con personal, para efectos de pruebas e inicio, por parte de Reviplus se trabajar&aacute; con el personal ya adscrito, por lo que solo se requerir&iacute;a formalizar los cambios de cant&oacute;n en la configuraci&oacute;n correspondiente.
Saludos&nbsp;
&nbsp;
Cordialmente&nbsp;
David Bernal&nbsp;",All,High,Actualización,david.bernal,"Eduardo Stalin",,"07/12/2022 09:48:25",,0
,,All,High,Actualización,Nobody,"Eduardo Stalin",,"07/12/2022 09:48:34",,0
"Definición de personal Reviplus",,All,High,Actualización,david.bernal,"Eduardo Stalin","Eduardo Stalin","07/12/2022 10:39:35",,0
,,All,High,Actualización,david.bernal,"Eduardo Stalin","Eduardo Stalin","07/12/2022 12:53:28",,0
,,All,High,Actualización,Nobody,"Eduardo Stalin",,"07/13/2022 16:33:36",,0
,,All,High,Actualización,Nobody,Eduardo,,"07/15/2022 11:53:14",,0
,,All,High,Actualización,Nobody,Eduardo,,"07/15/2022 11:53:18",,0
,,All,High,Actualización,Nobody,Eduardo,,"07/15/2022 11:53:25",,0
